Id;R;Nome;Squadra;Pv;Mv;Fm;Gf;Gs;Rp;Rc;R+;R-;Ass;Amm;Esp;Au
4312;P;Maignan;Milan;15;6,33;5,83;0;13;2;0;0;0;0;1;0;0
5841;P;Svilar;Roma;17;6,47;5,82;0;11;0;0;0;0;0;0;0;0
2814;P;Provedel;Lazio;17;6,24;5,53;0;12;0;0;0;0;0;0;0;0
2170;P;Milinkovic-Savic V.;Napoli;12;6,21;5,96;0;9;2;0;0;0;0;0;0;0
4431;P;Carnesecchi;Atalanta;17;6,24;5,29;0;19;1;0;0;0;0;0;0;0
6966;P;Butez;Como;16;6,09;5,31;0;12;0;0;0;0;0;1;0;0
761;P;Audero;Cremonese;13;6,31;5,31;0;13;0;0;0;0;0;0;0;0
5876;P;Di Gregorio;Juventus;15;6,17;5,27;0;13;0;0;0;0;0;1;0;0
2134;P;Falcone;Lecce;16;6,31;5,09;0;22;1;0;0;0;0;1;0;0
4360;P;Caprile;Cagliari;17;6,44;5;0;24;0;0;0;0;0;1;0;0
133;P;Skorupski;Bologna;9;6,22;5,28;0;8;0;0;0;0;0;1;0;0
2428;P;Sommer;Inter;14;5,89;4,96;0;13;0;0;0;0;0;0;0;0
4957;P;Montipò;Verona;16;6,25;4,88;0;25;1;0;0;0;0;0;0;0
4236;P;Muric;Sassuolo;16;6,19;4,91;0;19;0;0;0;0;0;3;0;0
2861;P;Semper;Pisa;15;6,17;4,77;0;21;0;0;0;0;0;0;0;0
2521;P;De Gea;Fiorentina;17;6,12;4,65;0;28;1;0;0;0;0;0;0;0
188;P;Leali;Genoa;16;6,12;4,59;0;23;0;0;0;0;0;1;1;0
6641;P;Suzuki;Parma;11;6;4,95;0;14;1;0;0;0;0;1;0;0
5320;P;Paleari;Torino;8;6,19;4,94;0;10;0;0;0;0;0;0;0;0
6462;P;Okoye;Udinese;10;5,75;4,65;0;13;1;0;0;0;0;0;1;0
2722;P;Ravaglia F.;Bologna;6;6,42;5,33;0;6;0;0;0;0;0;1;0;0
572;P;Meret;Napoli;4;6,12;5,12;0;4;0;0;0;0;0;0;0;0
6662;P;Corvi;Parma;5;6,1;5,2;0;4;0;0;0;0;0;1;0;0
5135;P;Guaita;Parma;0;0;0;0;0;0;0;0;0;0;0;0;0
7179;P;Israel;Torino;9;5,89;3,83;0;18;0;0;0;0;0;1;0;0
543;P;Padelli;Udinese;1;6,5;5,5;0;1;0;0;0;0;0;0;0;0
7172;P;Pessina Mas.;Bologna;1;6;6;0;0;0;0;0;0;0;0;0;0
5116;P;Martinez Jo.;Inter;2;6,25;5,75;0;1;0;0;0;0;0;0;0;0
218;P;Perin;Juventus;2;6;5;0;2;0;0;0;0;0;0;0;0
6842;P;Sava;Udinese;7;5,57;3,5;0;14;0;0;0;0;0;1;0;0
2211;P;Silvestri;Cremonese;4;6,38;4,62;0;7;0;0;0;0;0;0;0;0
2297;P;Rossi F.;Atalanta;0;0;0;0;0;0;0;0;0;0;0;0;0
4;P;Sportiello;Atalanta;0;0;0;0;0;0;0;0;0;0;0;0;0
4929;P;Ciocci;Cagliari;0;0;0;0;0;0;0;0;0;0;0;0;0
3;P;Radunovic;Cagliari;0;0;0;0;0;0;0;0;0;0;0;0;0
2809;P;Vigorito;Como;0;0;0;0;0;0;0;0;0;0;0;0;0
6505;P;Nava;Cremonese;0;0;0;0;0;0;0;0;0;0;0;0;0
6403;P;Christensen O.;Fiorentina;0;0;0;0;0;0;0;0;0;0;0;0;0
6184;P;Martinelli T.;Fiorentina;0;0;0;0;0;0;0;0;0;0;0;0;0
6991;P;Siegrist;Genoa;0;0;0;0;0;0;0;0;0;0;0;0;0
219;P;Sommariva;Genoa;2;5,75;3,75;0;4;0;0;0;0;0;0;0;0
1926;P;Di Gennaro;Inter;0;0;0;0;0;0;0;0;0;0;0;0;0
1930;P;Pinsoglio;Juventus;0;0;0;0;0;0;0;0;0;0;0;0;0
6417;P;Furlanetto;Lazio;0;0;0;0;0;0;0;0;0;0;0;0;0
6482;P;Mandas;Lazio;0;0;0;0;0;0;0;0;0;0;0;0;0
2401;P;Fruchtl;Lecce;0;0;0;0;0;0;0;0;0;0;0;0;0
6523;P;Samooja;Lecce;0;0;0;0;0;0;0;0;0;0;0;0;0
2815;P;Terracciano;Milan;2;6;6;0;0;0;0;0;0;0;0;0;0
6813;P;Torriani;Milan;0;0;0;0;0;0;0;0;0;0;0;0;0
2845;P;Contini;Napoli;0;0;0;0;0;0;0;0;0;0;0;0;0
5338;P;Rinaldi;Parma;0;0;0;0;0;0;0;0;0;0;0;0;0
2271;P;Nicolas;Pisa;0;0;0;0;0;0;0;0;0;0;0;0;0
574;P;Scuffet;Pisa;2;6;4,5;0;3;0;0;0;0;0;0;0;0
7169;P;Zelezny;Roma;0;0;0;0;0;0;0;0;0;0;0;0;0
610;P;Gollini;Roma;0;0;0;0;0;0;0;0;0;0;0;0;0
4518;P;Russo A.;Sassuolo;0;0;0;0;0;0;0;0;0;0;0;0;0
2127;P;Satalino;Sassuolo;0;0;0;0;0;0;0;0;0;0;0;0;0
4867;P;Turati;Sassuolo;1;5,5;3,5;0;2;0;0;0;0;0;0;0;0
216;P;Donnarumma An.;Torino;0;0;0;0;0;0;0;0;0;0;0;0;0
6210;P;Popa;Torino;0;0;0;0;0;0;0;0;0;0;0;0;0
511;P;Perilli;Verona;0;0;0;0;0;0;0;0;0;0;0;0;0
6125;P;Vasquez D.;Roma;0;0;0;0;0;0;0;0;0;0;0;0;0
7185;P;Nunziante;Udinese;0;0;0;0;0;0;0;0;0;0;0;0;0
158;P;Lezzerini;Fiorentina;0;0;0;0;0;0;0;0;0;0;0;0;0
7236;P;Toniolo;Verona;0;0;0;0;0;0;0;0;0;0;0;0;0
7261;P;Cavlina;Como;0;0;0;0;0;0;0;0;0;0;0;0;0
7285;P;Ferrante;Napoli;0;0;0;0;0;0;0;0;0;0;0;0;0
7042;P;Calligaris;Inter;0;0;0;0;0;0;0;0;0;0;0;0;0
254;D;Dimarco;Inter;15;6,57;7,33;2;0;0;0;0;0;6;1;0;0
2120;D;Bastoni;Inter;15;6,27;6,6;1;0;0;0;0;0;3;2;0;0
5022;D;Pavlovic;Milan;16;6,25;6,59;2;0;0;0;0;0;0;1;0;0
6832;D;Palestra;Cagliari;16;6,41;6,59;0;0;0;0;0;0;3;0;0;0
1852;D;Spinazzola;Napoli;11;6,45;6,95;1;0;0;0;0;0;3;1;0;0
7181;D;Wesley;Roma;15;6,17;6,63;3;0;0;0;0;0;0;4;0;0
5678;D;Holm;Bologna;7;6,36;7,21;1;0;0;0;0;0;4;0;1;0
5835;D;Baschirotto;Cremonese;17;6,03;6,35;2;0;0;0;0;0;0;1;0;0
4657;D;Celik;Roma;13;6,15;6,35;1;0;0;0;0;0;1;1;1;0
2593;D;Martin;Genoa;13;6,08;6,46;1;0;0;0;0;0;3;2;0;0
5877;D;Carlos Augusto;Inter;11;6,23;6,55;1;0;0;0;0;0;1;1;0;0
5812;D;Terracciano F.;Cremonese;16;6,06;6,34;2;0;0;0;0;0;0;3;0;0
6642;D;Coco;Torino;14;6,07;6,32;1;0;0;0;0;0;1;1;0;0
4976;D;Kalulu;Juventus;17;6,15;6,35;1;0;0;0;0;0;1;1;0;0
6496;D;Bartesaghi;Milan;12;6,29;6,75;2;0;0;0;0;0;0;1;0;0
2724;D;Buongiorno;Napoli;13;6,15;6,19;0;0;0;0;0;0;1;1;0;0
4807;D;Hermoso;Roma;13;6,23;6,31;1;0;0;0;0;0;0;4;0;0
4263;D;Kabasele;Udinese;12;6,08;6,25;1;0;0;0;0;0;0;2;0;0
7220;D;Belghali;Verona;15;6,3;6,53;2;0;0;0;0;0;0;5;0;0
4734;D;Miranda J.;Bologna;13;6,08;6,15;1;0;0;0;0;0;0;4;0;0
6893;D;Kempf;Como;9;6,28;6,89;2;0;0;0;0;0;0;1;0;0
4994;D;Vojvoda;Como;12;6,12;6,38;1;0;0;0;0;0;1;2;0;0
5513;D;Dumfries;Inter;11;6;6,23;1;0;0;0;0;0;0;1;0;0
2788;D;Bremer;Juventus;7;6,29;6,57;0;0;0;0;0;0;2;0;0;0
5520;D;Cambiaso;Juventus;15;5,87;6,1;1;0;0;0;0;0;2;1;1;0
6989;D;Tiago Gabriel;Lecce;15;5,97;6,13;1;0;0;0;0;0;0;1;0;0
4665;D;Maripan;Torino;16;6;6,16;1;0;0;0;0;0;0;1;0;0
6956;D;Solet;Udinese;17;5,97;6,09;1;0;0;0;0;0;1;0;0;1
5750;D;Ostigard;Genoa;12;5,92;6,5;3;0;0;0;0;0;0;4;0;0
6869;D;Ramon;Como;14;6,21;6,43;2;0;0;0;0;0;0;4;1;0
6066;D;Posch;Como;6;6,08;6,58;1;0;0;0;0;0;0;0;0;0
393;D;Luperto;Cagliari;13;5,92;6,12;1;0;0;0;0;0;0;1;0;0
5514;D;Vasquez;Genoa;17;6;5,97;0;0;0;0;0;0;0;1;0;0
6766;D;Kelly L.;Juventus;15;5,93;6,03;1;0;0;0;0;0;0;3;0;0
2188;D;Marusic;Lazio;16;6;6,03;0;0;0;0;0;0;1;1;0;0
2816;D;Di Lorenzo;Napoli;16;5,97;6;0;0;0;0;0;0;1;1;0;0
2296;D;Mancini;Roma;17;6,09;6,03;0;0;0;0;0;0;1;4;0;0
697;D;Cuadrado;Pisa;9;6,11;6,33;1;0;0;1;1;0;0;2;0;0
4159;D;Akanji;Inter;14;6,18;6,07;0;0;0;0;0;0;0;3;0;0
5578;D;Kossounou;Atalanta;10;6;6,3;1;0;0;0;0;0;0;0;0;0
4887;D;Bellanova;Atalanta;12;5,92;6;0;0;0;0;0;0;1;0;0;0
4210;D;Mina;Cagliari;11;5,95;6,14;1;0;0;0;0;0;0;2;0;0
7125;D;Idrissi R.;Cagliari;10;5,95;6,2;1;0;0;0;0;0;0;1;0;0
6013;D;Barbieri;Cremonese;12;6,12;6,04;0;0;0;0;0;0;1;4;0;0
2160;D;Gosens;Fiorentina;10;5,9;6,15;1;0;0;0;0;0;0;1;0;0
6039;D;Cabal;Juventus;5;6,1;7,2;2;0;0;0;0;0;0;1;0;0
460;D;Romagnoli;Lazio;15;6,07;5,97;0;0;0;0;0;0;0;3;0;0
4401;D;Gabbia;Milan;15;6,03;5,97;0;0;0;0;0;0;0;2;0;0
6202;D;Beukema;Napoli;8;5,94;6,19;1;0;0;0;0;0;0;2;0;0
6663;D;Circati;Parma;11;6,14;6,36;1;0;0;0;0;0;0;1;0;0
6664;D;Delprato;Parma;15;5,97;6,07;1;0;0;0;0;0;0;3;0;0
5862;D;Valeri;Parma;12;6,04;6,04;0;0;0;0;0;0;1;2;0;0
6672;D;Idzes;Sassuolo;16;6;5,97;0;0;0;0;0;0;0;1;0;0
7212;D;Heggem;Bologna;13;6,04;5,96;0;0;0;0;0;0;0;0;1;0
4137;D;Diego Carlos;Como;12;6,21;6;0;0;0;0;0;0;0;5;0;0
554;D;Zappacosta;Atalanta;14;5,93;5,86;0;0;0;0;0;0;0;2;0;0
6042;D;Lucumì;Bologna;12;5,96;6,12;1;0;0;0;0;0;0;2;0;0
4461;D;Zappa;Cagliari;15;5,97;6,03;0;0;0;0;0;0;2;2;0;0
4433;D;Zortea;Bologna;11;5,91;6;0;0;0;0;0;0;1;0;0;0
6867;D;Valle;Como;13;5,96;6;0;0;0;0;0;0;1;1;0;0
6217;D;Bisseck;Inter;6;6,17;6,5;1;0;0;0;0;0;0;2;0;0
4177;D;Pavard;Inter;1;6,5;6,5;0;0;0;0;0;0;0;0;0;0
5833;D;Gila;Lazio;16;6;5,88;0;0;0;0;0;0;0;2;1;0
4502;D;Gallo;Lecce;16;5,94;5,88;0;0;0;0;0;0;0;2;0;0
4409;D;Rrahmani;Napoli;9;6,06;6,06;0;0;0;0;0;0;0;0;0;0
5527;D;Zanoli;Udinese;14;5,89;5,93;0;0;0;0;0;0;1;1;0;0
7143;D;Angori;Pisa;14;6;6,04;0;0;0;0;0;0;1;1;0;0
7155;D;Muharemovic;Sassuolo;14;5,89;6,11;2;0;0;0;0;0;1;4;0;1
6480;D;Tchatchoua;Verona;0;0;0;0;0;0;0;0;0;0;0;0;0
7255;D;Britschgi;Parma;12;5,92;6;0;0;0;0;0;0;2;2;0;0
6046;D;Hien;Atalanta;15;5,83;5,8;1;0;0;0;0;0;0;3;0;1
612;D;Bianchetti;Cremonese;15;5,9;5,9;0;0;0;0;0;0;1;2;0;0
4378;D;Ranieri L.;Fiorentina;15;5,8;5,83;1;0;0;0;0;0;0;5;0;0
513;D;Acerbi;Inter;10;6,05;5,95;0;0;0;0;0;0;0;2;0;0
2728;D;Pellegrini Lu.;Lazio;13;5,96;5,88;0;0;0;0;0;0;0;2;0;0
4751;D;Tomori;Milan;13;6;5,96;0;0;0;0;0;0;1;3;0;0
6887;D;Leoni;Parma;0;0;0;0;0;0;0;0;0;0;0;0;0
2273;D;Caracciolo A.;Pisa;17;5,94;5,82;0;0;0;0;0;0;0;4;0;0
4317;D;N'Dicka;Roma;15;5,97;5,87;0;0;0;0;0;0;0;3;0;0
4772;D;Angelino;Roma;5;5,8;5,7;0;0;0;0;0;0;0;1;0;0
6485;D;Kristensen T.;Udinese;8;5,88;6,25;1;0;0;0;0;0;0;0;0;0
5526;D;Scalvini;Atalanta;4;6;6,75;1;0;0;0;0;0;0;0;0;0
5435;D;Moreno Alb.;Como;4;6,38;7;1;0;0;0;0;0;0;1;0;0
7130;D;Folino;Cremonese;3;6,17;7,17;1;0;0;0;0;0;0;0;0;0
7069;D;Fortini;Fiorentina;10;5,9;5,9;0;0;0;0;0;0;0;0;0;0
6814;D;Norton-Cuffy;Genoa;16;5,81;5,94;1;0;0;0;0;0;1;2;1;0
5831;D;Gatti;Juventus;10;5,9;6,05;1;0;0;0;0;0;0;3;0;0
5620;D;Tavares N.;Lazio;8;5,5;5,44;0;0;0;0;0;0;0;1;0;0
5307;D;Valenti;Parma;12;6;5,92;0;0;0;0;0;0;0;2;0;0
7139;D;Canestrelli;Pisa;17;5,74;5,71;0;0;0;0;0;0;0;1;0;0
4374;D;Walukiewicz;Sassuolo;16;5,84;5,75;0;0;0;0;0;0;0;3;0;0
5851;D;Doig;Sassuolo;15;5,87;5,73;0;0;0;0;0;0;0;4;0;0
5010;D;Ismajli;Torino;10;5,9;5,9;0;0;0;0;0;0;1;2;0;0
4385;D;Lazaro;Torino;16;5,78;5,78;0;0;0;0;0;0;1;2;0;0
6426;D;Pedersen;Torino;13;5,85;5,77;0;0;0;0;0;0;0;2;0;0
5820;D;Bertola;Udinese;13;5,88;5,88;0;0;0;0;0;0;1;2;0;0
5555;D;Kamara H.;Udinese;11;5,95;5,95;0;0;0;0;0;0;1;2;0;0
5532;D;Bradaric;Verona;13;5,85;5,81;0;0;0;0;0;0;0;1;0;0
5701;D;Obert;Cagliari;14;5,79;5,64;0;0;0;0;0;0;1;6;0;0
6495;D;Comuzzo;Fiorentina;11;5,77;5,77;0;0;0;0;0;0;0;0;0;0
5885;D;Dodò;Fiorentina;17;5,71;5,71;0;0;0;0;0;0;1;2;0;0
5449;D;Parisi;Fiorentina;9;6;5,94;0;0;0;0;0;0;1;3;0;0
6660;D;Marcandalli;Genoa;11;5,77;5,68;0;0;0;0;0;0;0;2;0;0
6632;D;Gaspar K.;Lecce;15;5,87;5,7;0;0;0;0;0;0;0;5;0;0
6990;D;Veiga D.;Lecce;15;5,8;5,7;0;0;0;0;0;0;0;3;0;0
6531;D;Jimenez A.;Milan;1;5,5;5;0;0;0;0;0;0;0;1;0;0
6986;D;Rensch;Roma;6;6,17;6,17;0;0;0;0;0;0;0;0;0;0
7253;D;Bella-Kotchap;Verona;10;5,85;5,8;0;0;0;0;0;0;0;1;0;0
787;D;Djimsiti;Atalanta;15;5,57;5,53;0;0;0;0;0;0;0;1;0;0
2640;D;Kolasinac;Atalanta;4;6,25;6,12;0;0;0;0;0;0;0;1;0;0
6916;D;Ahanor;Atalanta;8;5,75;5,75;0;0;0;0;0;0;0;0;0;0
7068;D;Vitik;Bologna;6;6;5,92;0;0;0;0;0;0;0;1;0;0
7131;D;Floriani Mussolini;Cremonese;11;5,82;5,73;0;0;0;0;0;0;0;2;0;0
770;D;Pezzella Giu.;Cremonese;12;5,71;5,62;0;0;0;0;0;0;1;4;0;0
5603;D;Pongracic;Fiorentina;15;5,73;5,53;0;0;0;0;0;0;0;6;0;0
5739;D;De Winter;Milan;8;5,69;5,69;0;0;0;0;0;0;0;0;0;0
322;D;De Vrij;Inter;2;6,25;6,25;0;0;0;0;0;0;0;0;0;0
7012;D;Provstgaard;Lazio;6;6;6;0;0;0;0;0;0;0;0;0;0
6055;D;Thiaw;Milan;0;0;0;0;0;0;0;0;0;0;0;0;0
5840;D;Olivera;Napoli;9;5,61;5,5;0;0;0;0;0;0;0;2;0;0
2745;D;Calabresi;Pisa;11;5,86;5,73;0;0;0;0;0;0;0;3;0;0
7020;D;Salah-Eddine;Roma;0;0;0;0;0;0;0;0;0;0;0;0;0
6047;D;Ehizibue;Udinese;9;5,61;5,56;0;0;0;0;0;0;0;1;0;0
6894;D;Unai Nunez;Verona;13;5,92;5,62;0;0;0;0;0;0;0;4;0;1
6957;D;Valentini N.;Verona;7;5,93;5,86;0;0;0;0;0;0;0;1;0;0
6639;D;Frese;Verona;14;5,82;5,5;0;0;0;0;0;0;0;5;0;1
7219;D;Bernasconi;Atalanta;6;6,08;6;0;0;0;0;0;0;0;1;0;0
5427;D;Gutierrez;Napoli;5;5,8;5,8;0;0;0;0;0;0;0;0;0;0
7018;D;Nelsson;Verona;16;5,66;5,56;0;0;0;0;0;0;0;3;0;0
388;D;Albiol;Pisa;5;5,9;5,8;0;0;0;0;0;0;0;1;0;0
6444;D;Bonfanti;Pisa;8;5,62;5,56;0;0;0;0;0;0;0;1;0;0
4982;D;Erlic;Bologna;0;0;0;0;0;0;0;0;0;0;0;0;0
487;D;De Silvestri;Bologna;5;6,1;5,9;0;0;0;0;0;0;0;2;0;0
7014;D;Smolcic I.;Como;11;5,82;5,55;0;0;0;0;0;0;0;6;0;0
6896;D;Van Der Brempt;Como;3;6,33;6,17;0;0;0;0;0;0;0;1;0;0
6231;D;Azzi;Cremonese;0;0;0;0;0;0;0;0;0;0;0;0;0
4904;D;Marì;Fiorentina;10;5,45;5,3;0;0;0;0;0;0;0;3;0;0
6977;D;Otoa;Genoa;5;5,6;5,5;0;0;0;0;0;0;0;1;0;0
6245;D;Vogliacco;Genoa;0;0;0;0;0;0;0;0;0;0;0;0;0
6802;D;Savona;Juventus;0;0;0;0;0;0;0;0;0;0;0;0;0
7175;D;Joao Mario;Juventus;4;5,75;5,88;0;0;0;0;0;0;1;1;0;0
2263;D;Lazzari;Lazio;8;5,75;5,62;0;0;0;0;0;0;0;2;0;0
5273;D;Estupinan;Milan;6;5,75;5,67;0;0;0;0;0;0;1;1;1;0
256;D;Juan Jesus;Napoli;9;5,89;5,67;0;0;0;0;0;0;0;4;0;0
5353;D;Balogh;Parma;0;0;0;0;0;0;0;0;0;0;0;0;0
252;D;Biraghi;Torino;8;5,62;5,62;0;0;0;0;0;0;0;0;0;0
6533;D;Giannetti L.;Udinese;0;0;0;0;0;0;0;0;0;0;0;0;0
6211;D;Zemura;Udinese;7;5,71;5,64;0;0;0;0;0;0;0;1;0;0
6537;D;Goglichidze;Udinese;6;5,75;5,58;0;0;0;0;0;0;0;2;0;0
6985;D;Candè;Sassuolo;8;5,69;5,56;0;0;0;0;0;0;0;2;0;0
7211;D;Athekame;Milan;3;5,67;6,33;1;0;0;0;0;0;0;2;0;0
7260;D;Ziolkowski;Roma;5;6;5,8;0;0;0;0;0;0;0;2;0;0
5156;D;Nkounkou;Torino;6;5,75;5,75;0;0;0;0;0;0;1;2;0;0
7268;D;Rodriguez Ju.;Cagliari;3;6;5,83;0;0;0;0;0;0;0;1;0;0
6870;D;Faye;Cremonese;5;5,7;5,6;0;0;0;0;0;0;0;1;0;0
5498;D;Casale;Bologna;4;5,5;5,5;0;0;0;0;0;0;0;0;0;0
2653;D;Lykogiannis;Bologna;5;5,7;5,5;0;0;0;0;0;0;0;2;0;0
5406;D;Di Pardo;Cagliari;1;5,5;5,5;0;0;0;0;0;0;0;0;0;0
6944;D;Jack;Como;0;0;0;0;0;0;0;0;0;0;0;0;0
5860;D;Ravanelli;Cremonese;0;0;0;0;0;0;0;0;0;0;0;0;0
1891;D;Ceccherini;Cremonese;4;5,38;5,12;0;0;0;0;0;0;0;0;1;0
5718;D;Viti;Fiorentina;6;5,58;5,33;0;0;0;0;0;0;0;1;1;0
294;D;Rugani;Juventus;4;5,88;5,88;0;0;0;0;0;0;0;0;0;0
327;D;Patric;Lazio;1;6;6;0;0;0;0;0;0;0;0;0;0
7182;D;Ndaba;Lecce;3;5,83;5,83;0;0;0;0;0;0;0;0;0;0
6821;D;Hainaut;Parma;0;0;0;0;0;0;0;0;0;0;0;0;0
6965;D;Lovik;Parma;6;5,58;5,58;0;0;0;0;0;0;0;0;0;0
6411;D;Mateus Lusuardi;Pisa;3;5,83;5,67;0;0;0;0;0;0;0;1;0;0
7141;D;Rus;Pisa;0;0;0;0;0;0;0;0;0;0;0;0;0
4495;D;Kumbulla;Roma;0;0;0;0;0;0;0;0;0;0;0;0;0
6189;D;Missori;Sassuolo;0;0;0;0;0;0;0;0;0;0;0;0;0
49;D;Masina;Torino;4;5,38;5,62;0;0;0;0;0;0;1;0;0;0
6900;D;Rui Modesto;Udinese;2;5,75;6,25;0;0;0;0;0;0;1;0;0;0
6631;D;Ghilardi;Roma;2;5,25;5,25;0;0;0;0;0;0;0;0;0;0
7202;D;Ndiaye;Parma;7;5,36;5,07;0;0;0;0;0;0;0;2;1;0
7222;D;Cham;Verona;3;5,17;5,17;0;0;0;0;0;0;0;0;0;0
7235;D;Troilo;Parma;5;5,6;5,3;0;0;0;0;0;0;0;1;1;0
5168;D;Tsimikas;Roma;4;5,88;5,75;0;0;0;0;0;0;0;1;0;0
6665;D;Coulibaly W.;Sassuolo;6;5,42;5,42;0;0;0;0;0;0;0;0;0;0
6551;D;Ilic M.;Bologna;0;0;0;0;0;0;0;0;0;0;0;0;0
6464;D;Wieteska;Cagliari;0;0;0;0;0;0;0;0;0;0;0;0;0
6636;D;Veroli;Cagliari;0;0;0;0;0;0;0;0;0;0;0;0;0
6230;D;Dossena;Como;0;0;0;0;0;0;0;0;0;0;0;0;0
418;D;Goldaniga;Como;0;0;0;0;0;0;0;0;0;0;0;0;0
5891;D;Quagliata;Cremonese;0;0;0;0;0;0;0;0;0;0;0;0;0
2847;D;Sernicola;Cremonese;0;0;0;0;0;0;0;0;0;0;0;0;0
791;D;Sabelli;Genoa;4;5,75;5,25;0;0;0;0;0;0;0;0;0;1
2525;D;Darmian;Inter;0;0;0;0;0;0;0;0;0;0;0;0;0
6803;D;Rouhi;Juventus;0;0;0;0;0;0;0;0;0;0;0;0;0
5899;D;Gigot;Lazio;0;0;0;0;0;0;0;0;0;0;0;0;0
140;D;Hysaj;Lazio;2;5,5;5,5;0;0;0;0;0;0;0;0;0;0
6883;D;Jean;Lecce;0;0;0;0;0;0;0;0;0;0;0;0;0
7164;D;Perez M.;Lecce;0;0;0;0;0;0;0;0;0;0;0;0;0
7136;D;Kouassi;Lecce;4;5,5;5,5;0;0;0;0;0;0;0;0;0;0
6809;D;Marianucci;Napoli;1;4,5;4,5;0;0;0;0;0;0;0;0;0;0
5481;D;Mazzocchi;Napoli;1;6;6;0;0;0;0;0;0;0;0;0;0
7140;D;Coppola F.;Pisa;0;0;0;0;0;0;0;0;0;0;0;0;0
7170;D;Mbambi;Pisa;0;0;0;0;0;0;0;0;0;0;0;0;0
7142;D;Esteves T.;Pisa;0;0;0;0;0;0;0;0;0;0;0;0;0
6885;D;Abdulhamid;Roma;0;0;0;0;0;0;0;0;0;0;0;0;0
7154;D;Odenthal;Sassuolo;0;0;0;0;0;0;0;0;0;0;0;0;0
2279;D;Romagna;Sassuolo;3;5,5;5,5;0;0;0;0;0;0;0;0;0;0
6431;D;Paz Y.;Sassuolo;0;0;0;0;0;0;0;0;0;0;0;0;0
7156;D;Pieragnolo;Sassuolo;0;0;0;0;0;0;0;0;0;0;0;0;0
6041;D;Schuurs;Torino;0;0;0;0;0;0;0;0;0;0;0;0;0
6826;D;Dembelè A.;Torino;1;5;5;0;0;0;0;0;0;0;0;0;0
6925;D;Palma;Udinese;3;5,5;5,5;0;0;0;0;0;0;0;0;0;0
7011;D;Slotsager;Verona;0;0;0;0;0;0;0;0;0;0;0;0;0
5994;D;Ebosse;Verona;1;5;5;0;0;0;0;0;0;0;1;0;0
6992;D;Oyegoke;Verona;1;5;5;0;0;0;0;0;0;0;0;0;0
7196;D;Denoon;Pisa;2;5,5;5,25;0;0;0;0;0;0;0;1;0;0
5324;D;Godfrey;Atalanta;0;0;0;0;0;0;0;0;0;0;0;0;0
7238;D;Kouadio;Fiorentina;1;6;6;0;0;0;0;0;0;0;0;0;0
7240;D;Siebert;Lecce;2;4,5;4,5;0;0;0;0;0;0;0;0;0;0
6351;D;Lamptey;Fiorentina;1;6;6;0;0;0;0;0;0;0;0;0;0
7271;D;Odogu;Milan;0;0;0;0;0;0;0;0;0;0;0;0;0
7274;D;Zè Pedro;Cagliari;5;5,2;5,2;0;0;0;0;0;0;0;0;0;0
6874;D;Palacios T.;Inter;0;0;0;0;0;0;0;0;0;0;0;0;0
2423;C;Pulisic;Milan;11;6,82;8,91;8;0;0;1;0;1;2;0;0;0
6875;C;Paz N.;Como;16;6,56;7,91;6;0;0;0;0;0;5;3;0;0
2194;C;Calhanoglu;Inter;13;6,5;7,65;6;0;0;3;2;1;1;2;0;0
2167;C;Orsolini;Bologna;16;6,19;7,16;6;0;0;4;3;1;1;1;0;0
2517;C;De Bruyne;Napoli;8;6,38;7,81;4;0;0;3;3;0;0;1;0;0
4777;C;McTominay;Napoli;15;6,4;6,9;2;0;0;0;0;0;2;1;0;0
4220;C;Zambo Anguissa;Napoli;11;6,5;7,64;4;0;0;0;0;0;1;1;0;0
2606;C;Modric;Milan;16;6,5;6,75;1;0;0;0;0;0;2;2;0;0
2766;C;Zaniolo;Udinese;15;6,2;6,87;4;0;0;0;0;0;0;4;0;0
5564;C;Ndoye;Bologna;0;0;0;0;0;0;0;0;0;0;0;0;0
2765;C;Odgaard;Bologna;11;6,05;6,91;3;0;0;0;0;0;1;1;0;0
1870;C;Barella;Inter;16;6,28;6,66;1;0;0;0;0;0;4;2;0;0
4892;C;Saelemaekers;Milan;16;6,31;6,78;2;0;0;0;0;0;2;1;0;0
2379;C;Rabiot;Milan;9;6,5;7;1;0;0;0;0;0;2;1;0;0
1933;C;Mandragora;Fiorentina;17;5,97;6,74;5;0;0;1;1;0;0;4;0;0
632;C;Zaccagni;Lazio;15;6,13;6,57;3;0;0;0;0;0;0;3;1;0
5687;C;Vlasic;Torino;17;6,15;7,06;5;0;0;3;3;0;2;3;0;0
6884;C;Conceicao;Juventus;13;6,23;6,65;2;0;0;0;0;0;0;1;0;0
6831;C;Neres;Napoli;14;6,21;7;3;0;0;0;0;0;3;2;0;0
6666;C;Bernabè;Parma;16;6,16;6,53;2;0;0;0;0;0;0;0;0;0
5589;C;Konè M.;Roma;17;6,38;6,59;1;0;0;0;0;0;1;1;0;0
530;C;Pellegrini Lo.;Roma;12;6,12;6,58;2;0;0;1;1;0;0;1;0;0
6717;C;Konè I.;Sassuolo;15;6,2;6,7;3;0;0;0;0;0;0;1;1;0
6908;C;Atta;Udinese;13;6,46;6,77;1;0;0;0;0;0;2;2;0;0
449;C;Vazquez;Cremonese;11;6,23;6,68;1;0;0;0;0;0;2;1;0;0
6015;C;Berisha M.;Lecce;12;6,17;6,92;2;0;0;0;0;0;3;0;0;0
5119;C;Samardzic;Atalanta;12;5,96;6,33;1;0;0;0;0;0;2;1;0;0
4364;C;Gaetano;Cagliari;15;6,07;6,5;2;0;0;0;0;0;2;3;0;0
6151;C;Perrone;Como;14;6,25;6,46;1;0;0;0;0;0;3;6;0;0
4486;C;Strefezza;Como;0;0;0;0;0;0;0;0;0;0;0;0;0
7133;C;Vandeputte;Cremonese;16;6,22;6,44;0;0;0;0;0;0;4;1;0;0
5800;C;Gudmundsson A.;Fiorentina;15;5,83;6,4;3;0;0;2;2;0;1;3;0;0
152;C;Zielinski;Inter;9;6,28;6,72;1;0;0;0;0;0;1;0;0;0
5674;C;Basic;Lazio;11;6,23;6,59;1;0;0;0;0;0;2;0;1;0
6398;C;Isaksen;Lazio;9;6,22;6,89;2;0;0;0;0;0;0;0;0;0
5453;C;Ricci S.;Milan;11;6,14;6,5;1;0;0;0;0;0;1;1;0;0
5735;C;Volpato;Sassuolo;12;6,25;6,75;1;0;0;0;0;0;4;2;0;0
6640;C;Felici;Cagliari;11;6,05;6,55;2;0;0;0;0;0;1;3;0;0
4404;C;Thorsby;Genoa;9;6,22;6,89;2;0;0;0;0;0;1;2;0;0
5422;C;Zalewski;Atalanta;11;6,14;6,55;1;0;0;0;0;0;2;1;0;0
7070;C;Sucic P.;Inter;12;6,12;6,42;1;0;0;0;0;0;2;3;0;0
5562;C;Thuram K.;Juventus;16;6,03;6,22;1;0;0;0;0;0;0;0;0;0
4186;C;Guendouzi;Lazio;14;6,21;6,39;2;0;0;0;0;0;0;5;1;0
5504;C;Coulibaly L.;Lecce;14;6,07;6,39;2;0;0;0;0;0;0;3;0;0
4199;C;Loftus-Cheek;Milan;12;6,21;6,5;1;0;0;0;0;0;1;1;0;0
6458;C;Serdar;Verona;11;6,18;6,64;2;0;0;0;0;0;0;2;0;0
2077;C;Pasalic;Atalanta;15;5,9;6,2;1;0;0;0;0;0;2;1;0;0
5298;C;Pobega;Bologna;12;5,96;6,42;2;0;0;0;0;0;0;1;0;0
827;C;Locatelli;Juventus;16;6,31;6,19;0;0;0;0;0;0;0;4;0;0
333;C;Cataldi;Lazio;15;6,1;6,33;1;0;0;1;1;0;2;3;0;0
779;C;Cristante;Roma;17;6,12;6,18;1;0;0;0;0;0;0;4;0;0
2839;C;Sottil;Lecce;11;6,05;6,36;1;0;0;0;0;0;1;1;0;0
4427;C;Malinovskyi;Genoa;15;5,97;6,27;2;0;0;1;1;0;1;5;0;0
4711;C;Kostic;Juventus;7;6,14;7,14;2;0;0;0;0;0;1;0;0;0
4686;C;Fofana Y.;Milan;14;5,93;6,11;1;0;0;0;0;0;1;3;0;0
5393;C;Man;Parma;0;0;0;0;0;0;0;0;0;0;0;0;0
6815;C;Fadera;Sassuolo;15;5,9;6,07;1;0;0;0;0;0;1;3;0;0
2528;C;Matic;Sassuolo;16;6,12;6,25;1;0;0;0;0;0;0;2;0;0
6252;C;Folorunsho;Cagliari;16;6,03;6,12;1;0;0;0;0;0;0;3;0;0
5036;C;Caqueret;Como;10;6,1;6,15;0;0;0;0;0;0;1;1;0;0
5559;C;Da Cunha;Como;14;6,07;6,04;0;0;0;0;0;0;0;1;0;0
6020;C;Ellertsson;Genoa;15;5,87;6,1;1;0;0;0;0;0;1;1;0;0
536;C;Politano;Napoli;15;6,03;6,07;0;0;0;0;0;0;1;1;0;0
7146;C;Tourè I.;Pisa;15;6;6,1;1;0;0;0;0;0;0;1;1;0
5844;C;Thorstvedt;Sassuolo;13;6,04;6,15;1;0;0;0;0;0;1;5;0;0
5761;C;Zhegrova;Juventus;4;6,25;6,25;0;0;0;0;0;0;0;0;0;0
5792;C;Ederson D.S.;Atalanta;13;5,96;5,92;0;0;0;0;0;0;0;1;0;0
6054;C;Moro N.;Bologna;11;5,95;6,18;1;0;0;0;0;0;0;1;0;0
4973;C;McKennie;Juventus;14;6;6,04;0;0;0;0;0;0;2;3;0;0
6593;C;Akinsanmiro;Pisa;12;6,08;6,12;0;0;0;0;0;0;1;1;0;0
2334;C;Leris;Pisa;14;6;6,14;0;0;0;0;0;0;2;0;0;0
6680;C;Karlstrom;Udinese;17;5,94;6;1;0;0;0;0;0;0;4;0;0
6481;C;Payero;Cremonese;13;6,08;6,12;1;0;0;0;0;0;0;5;0;0
6684;C;Ekkelenkamp;Udinese;13;5,88;6,12;1;0;0;0;0;0;0;0;0;0
7028;C;Bernede;Verona;16;5,91;6,12;1;0;0;0;0;0;1;1;0;0
7198;C;Piotrowski;Udinese;16;5,97;6,09;1;0;0;0;0;0;0;2;0;0
6549;C;Pierotti;Lecce;15;5,83;5,83;0;0;0;0;0;0;0;0;0;0
5131;C;Gilmour;Napoli;6;6;6,42;1;0;0;0;0;0;0;1;0;0
2670;C;Bailey;Roma;5;5,7;5,7;0;0;0;0;0;0;0;0;0;0
6844;C;Rowe;Bologna;8;6,19;6,12;0;0;0;0;0;0;0;1;0;0
22;C;De Roon;Atalanta;14;6;5,82;0;0;0;0;0;0;0;3;1;0
4947;C;Brescianini;Atalanta;4;6,25;6,88;1;0;0;0;0;0;0;1;0;0
788;C;Freuler;Bologna;9;6,11;6;0;0;0;0;0;0;0;2;0;0
184;C;Bernardeschi;Bologna;11;5,82;6;1;0;0;0;0;0;0;2;0;0
1871;C;Deiola;Cagliari;12;6,04;6;0;0;0;0;0;0;1;3;0;0
6424;C;Prati;Cagliari;16;5,94;6;1;0;0;0;0;0;0;4;0;0
7126;C;Baturina;Como;6;5,75;6,25;1;0;0;0;0;0;0;0;0;0
5791;C;Frendrup;Genoa;16;5,91;5,84;0;0;0;0;0;0;0;2;0;0
4662;C;Weah;Juventus;0;0;0;0;0;0;0;0;0;0;0;0;0
5992;C;Bondo;Cremonese;16;5,94;5,88;0;0;0;0;0;0;0;2;0;0
5823;C;Baldanzi;Roma;9;6;6,22;1;0;0;0;0;0;0;2;0;0
7209;C;Sorensen O.;Parma;14;5,89;6,04;1;0;0;0;0;0;0;2;0;0
7254;C;Lorran;Pisa;3;6;7;1;0;0;0;0;0;0;0;0;0
6206;C;Fabbian;Bologna;9;5,89;6,22;1;0;0;0;0;0;0;0;0;0
5858;C;Ferguson;Bologna;9;5,94;5,89;0;0;0;0;0;0;0;1;0;0
6294;C;Ndour;Fiorentina;11;5,73;5,95;1;0;0;0;0;0;0;1;0;0
4465;C;Fagioli;Fiorentina;14;5,79;5,86;0;0;0;0;0;0;2;2;0;0
5301;C;Luis Henrique;Inter;9;5,89;6;0;0;0;0;0;0;1;0;0;0
2529;C;Mkhitaryan;Inter;10;6,05;5,95;0;0;0;0;0;0;0;2;0;0
181;C;Vecino;Lazio;9;5,94;5,89;0;0;0;0;0;0;0;1;0;0
5998;C;Zerbin;Cremonese;12;5,92;6,04;0;0;0;0;0;0;2;1;0;0
4287;C;Lobotka;Napoli;11;6;5,95;0;0;0;0;0;0;0;1;0;0
6898;C;Keita M.;Parma;14;5,79;5,75;0;0;0;0;0;0;0;1;0;0
5318;C;Tramoni M.;Pisa;14;5,61;5,86;1;0;0;1;1;0;1;2;0;0
6271;C;El Aynaoui;Roma;9;6;6;0;0;0;0;0;0;1;2;0;0
795;C;El Shaarawy;Roma;8;6,06;6,12;0;0;0;0;0;0;1;2;0;0
801;C;Gagliardini;Verona;11;5,86;5,91;1;0;0;0;0;0;0;5;0;0
5784;C;Aebischer;Pisa;16;5,75;5,66;0;0;0;0;0;0;0;3;0;0
4870;C;Adopo;Cagliari;17;5,68;5,65;0;0;0;0;0;0;0;1;0;0
2842;C;Zanimacchia;Cremonese;0;0;0;0;0;0;0;0;0;0;0;0;0
6917;C;Masini;Genoa;13;5,88;5,77;0;0;0;0;0;0;0;3;0;0
2848;C;Frattesi;Inter;5;6;6;0;0;0;0;0;0;0;0;0;0
5685;C;Koopmeiners;Juventus;14;5,64;5,46;0;0;0;0;0;0;0;5;0;0
6394;C;Ramadani;Lecce;16;5,81;5,69;0;0;0;0;0;0;0;4;0;0
5295;C;Musah;Atalanta;7;6;6;0;0;0;0;0;0;0;0;0;0
6984;C;Ondrejka;Parma;4;5,62;5,62;0;0;0;0;0;0;0;0;0;0
4890;C;Tameze;Torino;13;5,77;5,73;0;0;0;0;0;0;0;1;0;0
6170;C;Gineitis;Torino;10;5,65;5,65;0;0;0;0;0;0;0;0;0;0
5888;C;Casadei;Torino;15;5,77;5,63;0;0;0;0;0;0;0;4;0;0
6218;C;Oristanio;Parma;6;5,83;5,75;0;0;0;0;0;0;0;1;0;0
4479;C;Elmas;Napoli;11;5,59;5,55;0;0;0;0;0;0;0;1;0;0
27;C;Grassi;Cremonese;11;5,68;5,59;0;0;0;0;0;0;0;2;0;0
6010;C;Fazzini;Fiorentina;8;5,81;5,81;0;0;0;0;0;0;0;0;0;0
6106;C;Carboni V.;Genoa;10;5,7;5,6;0;0;0;0;0;0;0;2;0;0
4459;C;Rovella;Lazio;4;6;6,12;0;0;0;0;0;0;1;1;0;0
6629;C;Dele-Bashiru;Lazio;6;5,67;5,67;0;0;0;0;0;0;0;0;0;0
5457;C;Maleh;Lecce;4;6;6;0;0;0;0;0;0;0;0;0;0
6634;C;Tete Morente;Lecce;13;5,58;5,58;0;0;0;0;0;0;1;2;0;0
4856;C;Chukwueze;Milan;1;5,5;5,5;0;0;0;0;0;0;0;0;0;0
5290;C;Estevez;Parma;8;5,75;5,62;0;0;0;0;0;0;0;2;0;0
5319;C;Sohm;Fiorentina;12;5,54;5,54;0;0;0;0;0;0;1;2;0;0
7145;C;Piccinini G.;Pisa;7;5,93;5,79;0;0;0;0;0;0;0;2;0;0
7149;C;Marin M.;Pisa;10;5,8;5,7;0;0;0;0;0;0;0;2;0;0
4930;C;Ghion;Sassuolo;0;0;0;0;0;0;0;0;0;0;0;0;0
5007;C;Ilic;Torino;7;6;5,86;0;0;0;0;0;0;0;2;0;0
5850;C;Lovric;Udinese;3;5,67;5,83;0;0;0;0;0;0;1;1;0;0
5540;C;Niasse;Verona;9;5,83;5,78;0;0;0;0;0;0;0;1;0;0
1976;C;Mazzitelli;Cagliari;3;6,17;6,33;0;0;0;0;0;0;1;2;0;0
7203;C;Jashari;Milan;2;5,75;5,75;0;0;0;0;0;0;0;0;0;0
4349;C;Nicolussi Caviglia;Fiorentina;8;5,62;5,62;0;0;0;0;0;0;1;3;0;0
4896;C;Maldini;Atalanta;5;5,9;5,8;0;0;0;0;0;0;0;1;0;0
6225;C;El Azzouzi;Bologna;0;0;0;0;0;0;0;0;0;0;0;0;0
5863;C;Castagnetti;Cremonese;0;0;0;0;0;0;0;0;0;0;0;0;0
7132;C;Collocolo;Cremonese;3;6,17;6;0;0;0;0;0;0;0;1;0;0
4970;C;Messias;Genoa;4;6;6;0;0;0;0;0;0;0;0;0;0
6722;C;Gronbaek;Genoa;2;5,5;5,25;0;0;0;0;0;0;0;1;0;0
5719;C;Asllani;Torino;14;5,57;5,25;0;0;0;1;0;1;0;3;0;0
4911;C;Douglas Luiz;Juventus;0;0;0;0;0;0;0;0;0;0;0;0;0
5813;C;Miretti;Juventus;4;6;5,88;0;0;0;0;0;0;0;1;0;0
6191;C;Belahyane;Lazio;6;5,75;5,67;0;0;0;0;0;0;1;1;1;0
6410;C;Kaba;Lecce;7;5,86;5,86;0;0;0;0;0;0;0;0;0;0
7150;C;Vural;Pisa;8;5,81;5,62;0;0;0;0;0;0;0;3;0;0
6190;C;Pisilli;Roma;3;5,83;5,83;0;0;0;0;0;0;0;0;0;0
7157;C;Iannoni;Sassuolo;2;6,5;8;1;0;0;0;0;0;0;2;0;0
6274;C;Diouf;Inter;2;6;6;0;0;0;0;0;0;0;0;0;0
5610;C;Vranckx;Sassuolo;10;5,65;5,6;0;0;0;0;0;0;0;1;0;0
5561;C;Stengs;Pisa;0;0;0;0;0;0;0;0;0;0;0;0;0
7010;C;Al-Musrati;Verona;5;5,8;5,7;0;0;0;0;0;0;1;3;0;0
6528;C;Sarmiento J.;Cremonese;5;5,9;5,9;0;0;0;0;0;0;0;0;0;0
5286;C;Akpa Akpro;Verona;9;5,89;5,67;0;0;0;0;0;0;0;4;0;0
6676;C;Engelhardt;Como;0;0;0;0;0;0;0;0;0;0;0;0;0
4284;C;Sergi Roberto;Como;4;5,88;5,62;0;0;0;0;0;0;0;2;0;0
5857;C;Pickel;Cremonese;0;0;0;0;0;0;0;0;0;0;0;0;0
6804;C;Richardson;Fiorentina;1;5,5;5,5;0;0;0;0;0;0;0;0;0;0
5788;C;Sabiri;Fiorentina;1;5,5;5,5;0;0;0;0;0;0;0;0;0;0
7135;C;Stanciu;Genoa;3;5,83;5,83;0;0;0;0;0;0;0;0;0;0
6633;C;Pierret;Lecce;1;6;6;0;0;0;0;0;0;0;0;0;0
5872;C;Helgason;Lecce;2;5,5;5,5;0;0;0;0;0;0;0;0;0;0
7138;C;Ordonez C.;Parma;7;5,5;5,21;0;0;0;0;0;0;0;2;1;0
4423;C;Hernani;Parma;3;5,67;5,67;0;0;0;0;0;0;0;0;0;0
7147;C;Hojholt;Pisa;5;5,7;5,6;0;0;0;0;0;0;0;1;0;0
6219;C;Boloca;Sassuolo;2;5,75;5,75;0;0;0;0;0;0;0;0;0;0
6889;C;Anjorin;Torino;2;5,5;5,25;0;0;0;0;0;0;0;1;0;0
6212;C;Zarraga;Udinese;4;5,75;5,62;0;0;0;0;0;0;0;1;0;0
5688;C;Harroui;Verona;4;5,62;5,62;0;0;0;0;0;0;0;0;0;0
6677;C;Adzic;Juventus;3;6,17;7,17;1;0;0;0;0;0;0;0;0;0
6506;C;Fini;Genoa;1;5,5;5,5;0;0;0;0;0;0;0;0;0;0
7246;C;Sala A.;Lecce;4;5,75;6;0;0;0;0;0;0;1;0;0;0
6538;C;Onana J.;Genoa;1;5,5;5,5;0;0;0;0;0;0;0;0;0;0
4677;C;Cornet;Genoa;3;4,83;3,83;0;0;0;1;0;1;0;0;0;0
6024;C;Sulemana I.;Bologna;1;5,5;5;0;0;0;0;0;0;0;1;0;0
7165;C;Liteta;Cagliari;2;5,75;5,75;0;0;0;0;0;0;0;0;0;0
6656;C;Braunoder;Como;0;0;0;0;0;0;0;0;0;0;0;0;0
2553;C;Alli;Como;0;0;0;0;0;0;0;0;0;0;0;0;0
2274;C;Valoti;Cremonese;0;0;0;0;0;0;0;0;0;0;0;0;0
5516;C;Bianco;Fiorentina;0;0;0;0;0;0;0;0;0;0;0;0;0
6980;C;Venturino;Genoa;1;6;6;0;0;0;0;0;0;0;0;0;0
6222;C;Rafia;Lecce;0;0;0;0;0;0;0;0;0;0;0;0;0
6645;C;Marchwinski;Lecce;0;0;0;0;0;0;0;0;0;0;0;0;0
6678;C;Liberali;Milan;0;0;0;0;0;0;0;0;0;0;0;0;0
7151;C;Arena;Pisa;0;0;0;0;0;0;0;0;0;0;0;0;0
6246;C;Lipani;Sassuolo;4;5,62;5,62;0;0;0;0;0;0;0;0;0;0
5824;C;Pafundi;Udinese;0;0;0;0;0;0;0;0;0;0;0;0;0
7177;C;Santiago;Verona;0;0;0;0;0;0;0;0;0;0;0;0;0
2117;C;Kastanos;Verona;0;0;0;0;0;0;0;0;0;0;0;0;0
6618;C;Cissè A.;Verona;0;0;0;0;0;0;0;0;0;0;0;0;0
6486;C;Suslov;Verona;0;0;0;0;0;0;0;0;0;0;0;0;0
7208;C;Miller L.;Udinese;2;6;5,75;0;0;0;0;0;0;0;1;0;0
2076;C;Rog;Cagliari;0;0;0;0;0;0;0;0;0;0;0;0;0
6005;C;Ilkhan;Torino;1;5;5;0;0;0;0;0;0;0;0;0;0
7025;C;Cuenca H.;Genoa;0;0;0;0;0;0;0;0;0;0;0;0;0
7223;C;Vergara;Napoli;0;0;0;0;0;0;0;0;0;0;0;0;0
7276;C;Cremaschi;Parma;0;0;0;0;0;0;0;0;0;0;0;0;0
2764;A;Martinez L.;Inter;16;6,38;8,19;9;0;0;0;0;0;3;2;0;0
6434;A;Yildiz;Juventus;16;6,47;7,84;6;0;0;1;1;0;4;0;0;0
4871;A;Thuram;Inter;11;6,36;7,55;4;0;0;0;0;0;1;0;0;0
4510;A;Leao;Milan;10;6,15;7,7;5;0;0;2;2;0;1;1;0;0
6052;A;Hojlund;Napoli;12;6,25;7,88;6;0;0;0;0;0;2;1;0;0
5734;A;Soulè;Roma;17;6,24;7,26;5;0;0;0;0;0;3;1;0;0
6572;A;Castro S.;Bologna;14;6,07;6,96;4;0;0;0;0;0;1;1;0;0
531;A;Berardi;Sassuolo;11;6,45;7,73;4;0;0;2;2;0;3;2;0;0
5637;A;Davis K.;Udinese;16;6,25;7,22;5;0;0;2;2;0;2;3;0;0
2137;A;Scamacca;Atalanta;11;6,18;7,5;5;0;0;1;1;0;0;1;0;0
7023;A;Pellegrino M.;Parma;16;6,16;6,81;4;0;0;1;1;0;0;3;0;0
6060;A;Laurientè;Sassuolo;16;6,12;6,84;3;0;0;0;0;0;3;1;0;0
2499;A;Vardy;Cremonese;13;6,04;6,88;4;0;0;0;0;0;0;2;0;0
7017;A;Douvikas;Como;15;6,1;6,9;4;0;0;0;0;0;0;0;0;0
6226;A;Castellanos;Lazio;11;6,09;6,82;2;0;0;0;0;0;3;2;0;0
4436;A;Cambiaghi;Bologna;14;6,18;6,79;2;0;0;0;0;0;4;3;0;0
505;A;Bonazzoli;Cremonese;14;6,36;7,46;5;0;0;1;1;0;1;1;0;0
2097;A;Kean;Fiorentina;16;5,78;6,53;4;0;0;1;1;0;1;2;0;0
2841;A;Vlahovic;Juventus;13;5,96;6,65;3;0;0;1;1;0;0;0;0;0
2061;A;Simeone;Torino;14;6,14;7;4;0;0;0;0;0;0;0;0;0
6646;A;Adams C.;Torino;15;6,07;6,73;3;0;0;0;0;0;1;0;0;0
7162;A;Giovane;Verona;16;6,09;6,84;3;0;0;0;0;0;4;2;0;0
4463;A;Esposito Se.;Cagliari;16;6,19;6,75;3;0;0;0;0;0;2;4;0;0
6552;A;Orban G.;Verona;13;5,92;6,81;4;0;0;1;1;0;1;3;0;0
5995;A;De Ketelaere;Atalanta;15;5,97;6,37;2;0;0;0;0;0;1;2;0;0
4730;A;Lookman;Atalanta;10;5,8;6,4;2;0;0;0;0;0;0;0;0;0
7071;A;Esposito F.P.;Inter;12;6,25;6,62;1;0;0;0;0;0;2;1;0;0
2038;A;Pinamonti;Sassuolo;16;5,94;6,59;4;0;0;1;0;1;2;1;0;0
2369;A;Thauvin;Udinese;0;0;0;0;0;0;0;0;0;0;0;0;0
5336;A;Nzola;Pisa;14;6;6,54;3;0;0;2;2;0;0;1;1;0
6435;A;Krstovic;Atalanta;12;5,79;6,5;2;0;0;0;0;0;3;1;0;0
2531;A;Lukaku;Napoli;0;0;0;0;0;0;0;0;0;0;0;0;0
6675;A;Dovbyk;Roma;10;5,95;6,65;2;0;0;0;0;0;1;0;0;0
6365;A;Ferguson E.;Roma;11;6,18;6,86;2;0;0;0;0;0;2;1;0;0
4728;A;Nkunku;Milan;11;5,86;6,59;2;0;0;1;1;0;2;0;0;0
6669;A;Bonny;Inter;10;6,4;7,9;4;0;0;0;0;0;3;0;0;0
5455;A;Moreo;Pisa;14;6,07;6,71;3;0;0;1;1;0;0;0;0;0
6314;A;Openda;Juventus;11;5,95;6,23;1;0;0;0;0;0;0;0;0;0
6243;A;Borrelli;Cagliari;15;5,93;6,47;3;0;0;0;0;0;0;2;0;0
7127;A;Addai;Como;10;6,05;6,8;3;0;0;0;0;0;0;3;0;0
5544;A;David;Juventus;13;5,65;5,96;1;0;0;0;0;0;1;0;0;0
7120;A;Lang;Napoli;10;6,05;6,25;1;0;0;0;0;0;0;2;0;0
4371;A;Raspadori;Napoli;0;0;0;0;0;0;0;0;0;0;0;0;0
309;A;Dybala;Roma;12;6;6,08;1;0;0;1;0;1;1;0;0;0
5918;A;Sulemana K.;Atalanta;11;6,05;6,55;2;0;0;0;0;0;1;3;0;0
5500;A;Cancellieri;Lazio;10;6,25;7,05;3;0;0;0;0;0;0;2;0;0
6556;A;Noslin;Lazio;7;6,14;7;2;0;0;0;0;0;0;0;0;0
7008;A;Gimenez;Milan;9;5,56;5,5;0;0;0;0;0;0;0;1;0;0
6643;A;Dallinga;Bologna;12;5,92;6,21;1;0;0;0;0;0;1;1;0;0
6164;A;Vitinha O.;Genoa;13;5,85;6,31;2;0;0;0;0;0;1;2;0;0
4179;A;Gonzalez N.;Juventus;0;0;0;0;0;0;0;0;0;0;0;0;0
7001;A;N'Dri;Lecce;7;6;6,71;2;0;0;0;0;0;0;2;0;0
5506;A;Ekuban;Genoa;15;5,87;6,13;1;0;0;0;0;0;1;0;0;0
6667;A;Benedyczak;Parma;9;5,94;6,33;1;0;0;1;1;0;1;1;0;0
6145;A;Ngonge;Torino;13;5,88;6,12;1;0;0;0;0;0;1;2;0;0
7249;A;Buksa;Udinese;12;5,92;6,12;1;0;0;0;0;0;0;1;0;0
441;A;Belotti;Cagliari;3;6,33;8,33;2;0;0;1;1;0;0;0;0;0
7129;A;Rodriguez Je.;Como;12;6;6,25;0;0;0;0;0;0;4;0;1;0
2155;A;Cutrone;Parma;12;5,75;6;1;0;0;0;0;0;0;0;0;0
6822;A;Ekhator;Genoa;10;6;6,5;2;0;0;0;0;0;0;3;0;0
6001;A;Banda;Lecce;12;6;6,21;1;0;0;0;0;0;1;3;0;0
608;A;Zapata D.;Torino;8;5,62;5,62;1;0;0;1;0;1;0;0;0;0
6630;A;Mosquera;Verona;9;6,11;6,28;0;0;0;0;0;0;2;1;0;0
4923;A;Colombo;Genoa;16;5,66;5,88;2;0;0;1;0;1;1;1;0;0
5672;A;Dia;Lazio;13;5,62;5,85;1;0;0;0;0;0;0;0;0;0
7199;A;Kilicsoy;Cagliari;4;6,62;8,12;2;0;0;0;0;0;0;1;0;0
6229;A;Tourè E.;Atalanta;0;0;0;0;0;0;0;0;0;0;0;0;0
785;A;Immobile;Bologna;2;5,75;5,75;0;0;0;0;0;0;0;0;0;0
4359;A;Piccoli;Fiorentina;13;5,62;5,85;1;0;0;0;0;0;0;0;0;0
6967;A;Diao;Como;6;5,75;5,75;0;0;0;0;0;0;0;0;0;0
6519;A;Camarda;Lecce;14;5,71;5,68;1;0;0;1;0;1;0;1;0;0
6215;A;Lucca;Napoli;8;5,75;6,06;1;0;0;0;0;0;0;1;0;0
479;A;Sanabria;Cremonese;12;5,88;6,12;1;0;0;0;0;0;1;2;0;0
6439;A;Cheddira;Sassuolo;5;5,9;6,5;1;0;0;0;0;0;0;1;0;0
6409;A;Beltran L.;Fiorentina;0;0;0;0;0;0;0;0;0;0;0;0;0
2475;A;Sanchez;Udinese;0;0;0;0;0;0;0;0;0;0;0;0;0
313;A;Morata;Como;11;5,5;5,18;0;0;0;1;0;1;0;1;0;0
7252;A;Stulic;Lecce;15;5,6;5,77;1;0;0;0;0;0;0;1;0;0
6895;A;Dominguez B.;Bologna;7;5,71;5,79;0;0;0;0;0;0;1;1;0;0
7128;A;Kuhn;Como;7;5,86;5,86;0;0;0;0;0;0;0;0;0;0
647;A;Dzeko;Fiorentina;8;5,62;5,56;0;0;0;0;0;0;0;1;0;0
2489;A;Pedro;Lazio;10;5,85;5,85;0;0;0;0;0;0;1;2;0;0
6836;A;Meister;Pisa;13;5,69;5,88;1;0;0;0;0;0;0;1;0;0
6205;A;Mulattieri;Sassuolo;0;0;0;0;0;0;0;0;0;0;0;0;0
6159;A;Sarr A.;Verona;15;5,7;5,7;0;0;0;0;0;0;0;0;0;0
5297;A;Luvumbo;Cagliari;8;5,88;5,88;0;0;0;0;0;0;0;0;0;0
5496;A;Johnsen;Cremonese;6;5,75;5,92;0;0;0;0;0;0;1;0;0;0
6628;A;Taremi;Inter;0;0;0;0;0;0;0;0;0;0;0;0;0
6227;A;Okafor;Milan;0;0;0;0;0;0;0;0;0;0;0;0;0
6207;A;Almqvist;Parma;6;5,92;5,92;0;0;0;0;0;0;0;0;0;0
7153;A;Lind;Pisa;0;0;0;0;0;0;0;0;0;0;0;0;0
6653;A;Bravo;Udinese;3;6,17;7;1;0;0;0;0;0;0;1;0;0
7161;A;Bayo V.;Udinese;8;5,75;5,88;0;0;0;0;0;0;1;0;0;0
6459;A;Karlsson;Bologna;0;0;0;0;0;0;0;0;0;0;0;0;0
5512;A;De Luca;Cremonese;1;7;10;1;0;0;1;1;0;0;0;0;0
6213;A;Brenner;Udinese;0;0;0;0;0;0;0;0;0;0;0;0;0
6644;A;Rocha Livramento;Verona;0;0;0;0;0;0;0;0;0;0;0;0;0
5515;A;Okereke;Cremonese;2;6;6;0;0;0;0;0;0;0;0;0;0
5471;A;Djuric;Parma;1;5,5;5;0;0;0;0;0;0;0;1;0;0
1842;A;Pierini;Sassuolo;3;6;5,83;0;0;0;0;0;0;0;1;0;0
5845;A;Alvarez A.;Sassuolo;0;0;0;0;0;0;0;0;0;0;0;0;0
7158;A;Moro L.;Sassuolo;3;5,67;5,67;0;0;0;0;0;0;0;0;0;0
7183;A;Aboukhlal;Torino;5;5,7;5,6;0;0;0;0;0;0;0;2;0;0
7264;A;Ambrosino;Napoli;1;5,5;5,5;0;0;0;0;0;0;0;0;0;0
6555;A;Moumbagna;Cremonese;3;5,67;5,67;0;0;0;0;0;0;0;0;0;0
7272;A;Gueye;Udinese;2;5,75;5,75;0;0;0;0;0;0;0;0;0;0
247;A;Pavoletti;Cagliari;3;6;5,83;0;0;0;0;0;0;0;1;0;0
7027;A;Azon;Como;0;0;0;0;0;0;0;0;0;0;0;0;0
6657;A;Gabrielloni;Como;0;0;0;0;0;0;0;0;0;0;0;0;0
7134;A;Nasti;Cremonese;0;0;0;0;0;0;0;0;0;0;0;0;0
2012;A;Milik;Juventus;0;0;0;0;0;0;0;0;0;0;0;0;0
7171;A;Buffon L.;Pisa;0;0;0;0;0;0;0;0;0;0;0;0;0
7152;A;Bonfanti N.;Pisa;0;0;0;0;0;0;0;0;0;0;0;0;0
7159;A;Skjellerup;Sassuolo;0;0;0;0;0;0;0;0;0;0;0;0;0
6827;A;Njie;Torino;1;5;5;0;0;0;0;0;0;0;1;0;0
6635;A;Pizarro;Udinese;0;0;0;0;0;0;0;0;0;0;0;0;0
7213;A;Frigan;Parma;0;0;0;0;0;0;0;0;0;0;0;0;0
7262;A;Balentien;Milan;0;0;0;0;0;0;0;0;0;0;0;0;0
7277;A;Arena A.;Roma;0;0;0;0;0;0;0;0;0;0;0;0;0
